Ride_id,Date,Season_type,Year,Month,Hour,Holiday,Weekday,Weather,Temperature
1,01-01-2011,Spring,2011,January,0,TRUE,Saturday,"Clear, Partly cloudy",0.24
2,01-01-2011,Spring,2011,January,1,TRUE,Saturday,"Clear, Partly cloudy",0.22
3,01-01-2011,Spring,2011,January,2,TRUE,Saturday,"Clear, Partly cloudy",0.22
4,01-01-2011,Spring,2011,January,3,TRUE,Saturday,"Clear, Partly cloudy",0.24
5,01-01-2011,Spring,2011,January,4,TRUE,Saturday,"Clear, Partly cloudy",0.24
6,01-01-2011,Spring,2011,January,5,TRUE,Saturday,"Misty, Cloudy",0.24
7,01-01-2011,Spring,2011,January,6,TRUE,Saturday,"Clear, Partly cloudy",0.22
8,01-01-2011,Spring,2011,January,7,TRUE,Saturday,"Clear, Partly cloudy",0.2
9,01-01-2011,Spring,2011,January,8,TRUE,Saturday,"Clear, Partly cloudy",0.24
10,01-01-2011,Spring,2011,January,9,TRUE,Saturday,"Clear, Partly cloudy",0.32
11,01-01-2011,Spring,2011,January,10,TRUE,Saturday,"Clear, Partly cloudy",0.38
12,01-01-2011,Spring,2011,January,11,TRUE,Saturday,"Clear, Partly cloudy",0.36
13,01-01-2011,Spring,2011,January,12,TRUE,Saturday,"Clear, Partly cloudy",0.42
14,01-01-2011,Spring,2011,January,13,TRUE,Saturday,"Misty, Cloudy",0.46
15,01-01-2011,Spring,2011,January,14,TRUE,Saturday,"Misty, Cloudy",0.46
16,01-01-2011,Spring,2011,January,15,TRUE,Saturday,"Misty, Cloudy",0.44
17,01-01-2011,Spring,2011,January,16,TRUE,Saturday,"Misty, Cloudy",0.42
18,01-01-2011,Spring,2011,January,17,TRUE,Saturday,"Misty, Cloudy",0.44
19,01-01-2011,Spring,2011,January,18,TRUE,Saturday,"Light Rain,Thunderstorm",0.42
20,01-01-2011,Spring,2011,January,19,TRUE,Saturday,"Light Rain,Thunderstorm",0.42
21,01-01-2011,Spring,2011,January,20,TRUE,Saturday,"Misty, Cloudy",0.4
22,01-01-2011,Spring,2011,January,21,TRUE,Saturday,"Misty, Cloudy",0.4
23,01-01-2011,Spring,2011,January,22,TRUE,Saturday,"Misty, Cloudy",0.4
24,01-01-2011,Spring,2011,January,23,TRUE,Saturday,"Misty, Cloudy",0.46
25,02-01-2011,Spring,2011,January,0,TRUE,Sunday,"Misty, Cloudy",0.46
26,02-01-2011,Spring,2011,January,1,TRUE,Sunday,"Misty, Cloudy",0.44
27,02-01-2011,Spring,2011,January,2,TRUE,Sunday,"Misty, Cloudy",0.42
28,02-01-2011,Spring,2011,January,3,TRUE,Sunday,"Misty, Cloudy",0.46
29,02-01-2011,Spring,2011,January,4,TRUE,Sunday,"Misty, Cloudy",0.46
30,02-01-2011,Spring,2011,January,6,TRUE,Sunday,"Light Rain,Thunderstorm",0.42
31,02-01-2011,Spring,2011,January,7,TRUE,Sunday,"Misty, Cloudy",0.4
32,02-01-2011,Spring,2011,January,8,TRUE,Sunday,"Light Rain,Thunderstorm",0.4
33,02-01-2011,Spring,2011,January,9,TRUE,Sunday,"Misty, Cloudy",0.38
34,02-01-2011,Spring,2011,January,10,TRUE,Sunday,"Misty, Cloudy",0.36
35,02-01-2011,Spring,2011,January,11,TRUE,Sunday,"Misty, Cloudy",0.36
36,02-01-2011,Spring,2011,January,12,TRUE,Sunday,"Misty, Cloudy",0.36
37,02-01-2011,Spring,2011,January,13,TRUE,Sunday,"Misty, Cloudy",0.36
38,02-01-2011,Spring,2011,January,14,TRUE,Sunday,"Light Rain,Thunderstorm",0.36
39,02-01-2011,Spring,2011,January,15,TRUE,Sunday,"Light Rain,Thunderstorm",0.34
40,02-01-2011,Spring,2011,January,16,TRUE,Sunday,"Light Rain,Thunderstorm",0.34
41,02-01-2011,Spring,2011,January,17,TRUE,Sunday,"Clear, Partly cloudy",0.34
42,02-01-2011,Spring,2011,January,18,TRUE,Sunday,"Misty, Cloudy",0.36
43,02-01-2011,Spring,2011,January,19,TRUE,Sunday,"Clear, Partly cloudy",0.32
44,02-01-2011,Spring,2011,January,20,TRUE,Sunday,"Clear, Partly cloudy",0.3
45,02-01-2011,Spring,2011,January,21,TRUE,Sunday,"Clear, Partly cloudy",0.26
46,02-01-2011,Spring,2011,January,22,TRUE,Sunday,"Clear, Partly cloudy",0.24
47,02-01-2011,Spring,2011,January,23,TRUE,Sunday,"Clear, Partly cloudy",0.22
48,03-01-2011,Spring,2011,January,0,FALSE,Monday,"Clear, Partly cloudy",0.22
49,03-01-2011,Spring,2011,January,1,FALSE,Monday,"Clear, Partly cloudy",0.2
50,03-01-2011,Spring,2011,January,4,FALSE,Monday,"Clear, Partly cloudy",0.16
51,03-01-2011,Spring,2011,January,5,FALSE,Monday,"Clear, Partly cloudy",0.16
52,03-01-2011,Spring,2011,January,6,FALSE,Monday,"Clear, Partly cloudy",0.14
53,03-01-2011,Spring,2011,January,7,FALSE,Monday,"Clear, Partly cloudy",0.14
54,03-01-2011,Spring,2011,January,8,FALSE,Monday,"Clear, Partly cloudy",0.14
55,03-01-2011,Spring,2011,January,9,FALSE,Monday,"Clear, Partly cloudy",0.16
56,03-01-2011,Spring,2011,January,10,FALSE,Monday,"Clear, Partly cloudy",0.18
57,03-01-2011,Spring,2011,January,11,FALSE,Monday,"Clear, Partly cloudy",0.2
58,03-01-2011,Spring,2011,January,12,FALSE,Monday,"Clear, Partly cloudy",0.22
59,03-01-2011,Spring,2011,January,13,FALSE,Monday,"Clear, Partly cloudy",0.24
60,03-01-2011,Spring,2011,January,14,FALSE,Monday,"Clear, Partly cloudy",0.26
61,03-01-2011,Spring,2011,January,15,FALSE,Monday,"Clear, Partly cloudy",0.26
62,03-01-2011,Spring,2011,January,16,FALSE,Monday,"Clear, Partly cloudy",0.26
63,03-01-2011,Spring,2011,January,17,FALSE,Monday,"Clear, Partly cloudy",0.24
64,03-01-2011,Spring,2011,January,18,FALSE,Monday,"Clear, Partly cloudy",0.24
65,03-01-2011,Spring,2011,January,19,FALSE,Monday,"Clear, Partly cloudy",0.2
66,03-01-2011,Spring,2011,January,20,FALSE,Monday,"Clear, Partly cloudy",0.2
67,03-01-2011,Spring,2011,January,21,FALSE,Monday,"Clear, Partly cloudy",0.18
68,03-01-2011,Spring,2011,January,22,FALSE,Monday,"Clear, Partly cloudy",0.14
69,03-01-2011,Spring,2011,January,23,FALSE,Monday,"Clear, Partly cloudy",0.18
70,04-01-2011,Spring,2011,January,0,FALSE,Tuesday,"Clear, Partly cloudy",0.16
71,04-01-2011,Spring,2011,January,1,FALSE,Tuesday,"Clear, Partly cloudy",0.16
72,04-01-2011,Spring,2011,January,2,FALSE,Tuesday,"Clear, Partly cloudy",0.14
73,04-01-2011,Spring,2011,January,4,FALSE,Tuesday,"Clear, Partly cloudy",0.14
74,04-01-2011,Spring,2011,January,5,FALSE,Tuesday,"Clear, Partly cloudy",0.12
75,04-01-2011,Spring,2011,January,6,FALSE,Tuesday,"Clear, Partly cloudy",0.12
76,04-01-2011,Spring,2011,January,7,FALSE,Tuesday,"Clear, Partly cloudy",0.12
77,04-01-2011,Spring,2011,January,8,FALSE,Tuesday,"Clear, Partly cloudy",0.14
78,04-01-2011,Spring,2011,January,9,FALSE,Tuesday,"Clear, Partly cloudy",0.16
79,04-01-2011,Spring,2011,January,10,FALSE,Tuesday,"Misty, Cloudy",0.16
80,04-01-2011,Spring,2011,January,11,FALSE,Tuesday,"Clear, Partly cloudy",0.22
81,04-01-2011,Spring,2011,January,12,FALSE,Tuesday,"Clear, Partly cloudy",0.22
82,04-01-2011,Spring,2011,January,13,FALSE,Tuesday,"Clear, Partly cloudy",0.24
83,04-01-2011,Spring,2011,January,14,FALSE,Tuesday,"Clear, Partly cloudy",0.26
84,04-01-2011,Spring,2011,January,15,FALSE,Tuesday,"Clear, Partly cloudy",0.28
85,04-01-2011,Spring,2011,January,16,FALSE,Tuesday,"Clear, Partly cloudy",0.3
86,04-01-2011,Spring,2011,January,17,FALSE,Tuesday,"Clear, Partly cloudy",0.28
87,04-01-2011,Spring,2011,January,18,FALSE,Tuesday,"Clear, Partly cloudy",0.26
88,04-01-2011,Spring,2011,January,19,FALSE,Tuesday,"Clear, Partly cloudy",0.24
89,04-01-2011,Spring,2011,January,20,FALSE,Tuesday,"Clear, Partly cloudy",0.24
90,04-01-2011,Spring,2011,January,21,FALSE,Tuesday,"Clear, Partly cloudy",0.22
91,04-01-2011,Spring,2011,January,22,FALSE,Tuesday,"Clear, Partly cloudy",0.22
92,04-01-2011,Spring,2011,January,23,FALSE,Tuesday,"Clear, Partly cloudy",0.2
93,05-01-2011,Spring,2011,January,0,FALSE,Wednesday,"Clear, Partly cloudy",0.2
94,05-01-2011,Spring,2011,January,1,FALSE,Wednesday,"Clear, Partly cloudy",0.16
95,05-01-2011,Spring,2011,January,2,FALSE,Wednesday,"Clear, Partly cloudy",0.16
96,05-01-2011,Spring,2011,January,4,FALSE,Wednesday,"Clear, Partly cloudy",0.24
97,05-01-2011,Spring,2011,January,5,FALSE,Wednesday,"Clear, Partly cloudy",0.22
98,05-01-2011,Spring,2011,January,6,FALSE,Wednesday,"Clear, Partly cloudy",0.2
99,05-01-2011,Spring,2011,January,7,FALSE,Wednesday,"Clear, Partly cloudy",0.18
100,05-01-2011,Spring,2011,January,8,FALSE,Wednesday,"Clear, Partly cloudy",0.2
101,05-01-2011,Spring,2011,January,9,FALSE,Wednesday,"Clear, Partly cloudy",0.22
102,05-01-2011,Spring,2011,January,10,FALSE,Wednesday,"Clear, Partly cloudy",0.22
103,05-01-2011,Spring,2011,January,11,FALSE,Wednesday,"Clear, Partly cloudy",0.26
104,05-01-2011,Spring,2011,January,12,FALSE,Wednesday,"Clear, Partly cloudy",0.26
105,05-01-2011,Spring,2011,January,13,FALSE,Wednesday,"Clear, Partly cloudy",0.28
106,05-01-2011,Spring,2011,January,14,FALSE,Wednesday,"Clear, Partly cloudy",0.3
107,05-01-2011,Spring,2011,January,15,FALSE,Wednesday,"Clear, Partly cloudy",0.3
108,05-01-2011,Spring,2011,January,16,FALSE,Wednesday,"Clear, Partly cloudy",0.3
109,05-01-2011,Spring,2011,January,17,FALSE,Wednesday,"Clear, Partly cloudy",0.24
110,05-01-2011,Spring,2011,January,18,FALSE,Wednesday,"Clear, Partly cloudy",0.24
111,05-01-2011,Spring,2011,January,19,FALSE,Wednesday,"Clear, Partly cloudy",0.24
112,05-01-2011,Spring,2011,January,20,FALSE,Wednesday,"Clear, Partly cloudy",0.22
113,05-01-2011,Spring,2011,January,21,FALSE,Wednesday,"Clear, Partly cloudy",0.2
114,05-01-2011,Spring,2011,January,22,FALSE,Wednesday,"Clear, Partly cloudy",0.18
115,05-01-2011,Spring,2011,January,23,FALSE,Wednesday,"Clear, Partly cloudy",0.2
116,06-01-2011,Spring,2011,January,0,FALSE,Thursday,"Clear, Partly cloudy",0.18
117,06-01-2011,Spring,2011,January,1,FALSE,Thursday,"Clear, Partly cloudy",0.16
118,06-01-2011,Spring,2011,January,2,FALSE,Thursday,"Clear, Partly cloudy",0.16
119,06-01-2011,Spring,2011,January,4,FALSE,Thursday,"Misty, Cloudy",0.16
120,06-01-2011,Spring,2011,January,5,FALSE,Thursday,"Misty, Cloudy",0.14
121,06-01-2011,Spring,2011,January,6,FALSE,Thursday,"Misty, Cloudy",0.14
122,06-01-2011,Spring,2011,January,7,FALSE,Thursday,"Misty, Cloudy",0.16
123,06-01-2011,Spring,2011,January,8,FALSE,Thursday,"Clear, Partly cloudy",0.16
124,06-01-2011,Spring,2011,January,9,FALSE,Thursday,"Misty, Cloudy",0.18
125,06-01-2011,Spring,2011,January,10,FALSE,Thursday,"Clear, Partly cloudy",0.2
126,06-01-2011,Spring,2011,January,11,FALSE,Thursday,"Clear, Partly cloudy",0.22
127,06-01-2011,Spring,2011,January,12,FALSE,Thursday,"Clear, Partly cloudy",0.26
128,06-01-2011,Spring,2011,January,13,FALSE,Thursday,"Clear, Partly cloudy",0.26
129,06-01-2011,Spring,2011,January,14,FALSE,Thursday,"Clear, Partly cloudy",0.28
130,06-01-2011,Spring,2011,January,15,FALSE,Thursday,"Clear, Partly cloudy",0.28
131,06-01-2011,Spring,2011,January,16,FALSE,Thursday,"Clear, Partly cloudy",0.26
132,06-01-2011,Spring,2011,January,17,FALSE,Thursday,"Clear, Partly cloudy",0.22
133,06-01-2011,Spring,2011,January,18,FALSE,Thursday,"Clear, Partly cloudy",0.22
134,06-01-2011,Spring,2011,January,19,FALSE,Thursday,"Clear, Partly cloudy",0.22
135,06-01-2011,Spring,2011,January,20,FALSE,Thursday,"Clear, Partly cloudy",0.2
136,06-01-2011,Spring,2011,January,21,FALSE,Thursday,"Misty, Cloudy",0.22
137,06-01-2011,Spring,2011,January,22,FALSE,Thursday,"Misty, Cloudy",0.22
138,06-01-2011,Spring,2011,January,23,FALSE,Thursday,"Misty, Cloudy",0.2
139,07-01-2011,Spring,2011,January,0,FALSE,Friday,"Misty, Cloudy",0.2
140,07-01-2011,Spring,2011,January,1,FALSE,Friday,"Misty, Cloudy",0.2
141,07-01-2011,Spring,2011,January,2,FALSE,Friday,"Misty, Cloudy",0.2
142,07-01-2011,Spring,2011,January,4,FALSE,Friday,"Misty, Cloudy",0.2
143,07-01-2011,Spring,2011,January,5,FALSE,Friday,"Light Rain,Thunderstorm",0.22
144,07-01-2011,Spring,2011,January,6,FALSE,Friday,"Misty, Cloudy",0.2
145,07-01-2011,Spring,2011,January,7,FALSE,Friday,"Clear, Partly cloudy",0.2
146,07-01-2011,Spring,2011,January,8,FALSE,Friday,"Clear, Partly cloudy",0.2
147,07-01-2011,Spring,2011,January,9,FALSE,Friday,"Clear, Partly cloudy",0.2
148,07-01-2011,Spring,2011,January,10,FALSE,Friday,"Clear, Partly cloudy",0.22
149,07-01-2011,Spring,2011,January,11,FALSE,Friday,"Misty, Cloudy",0.2
150,07-01-2011,Spring,2011,January,12,FALSE,Friday,"Misty, Cloudy",0.2
151,07-01-2011,Spring,2011,January,13,FALSE,Friday,"Misty, Cloudy",0.2
152,07-01-2011,Spring,2011,January,14,FALSE,Friday,"Misty, Cloudy",0.2
153,07-01-2011,Spring,2011,January,15,FALSE,Friday,"Misty, Cloudy",0.2
154,07-01-2011,Spring,2011,January,16,FALSE,Friday,"Misty, Cloudy",0.2
155,07-01-2011,Spring,2011,January,17,FALSE,Friday,"Misty, Cloudy",0.2
156,07-01-2011,Spring,2011,January,18,FALSE,Friday,"Clear, Partly cloudy",0.2
157,07-01-2011,Spring,2011,January,19,FALSE,Friday,"Clear, Partly cloudy",0.16
158,07-01-2011,Spring,2011,January,20,FALSE,Friday,"Clear, Partly cloudy",0.18
159,07-01-2011,Spring,2011,January,21,FALSE,Friday,"Clear, Partly cloudy",0.18
160,07-01-2011,Spring,2011,January,22,FALSE,Friday,"Misty, Cloudy",0.18
161,07-01-2011,Spring,2011,January,23,FALSE,Friday,"Misty, Cloudy",0.18
162,08-01-2011,Spring,2011,January,0,TRUE,Saturday,"Misty, Cloudy",0.18
163,08-01-2011,Spring,2011,January,1,TRUE,Saturday,"Misty, Cloudy",0.18
164,08-01-2011,Spring,2011,January,2,TRUE,Saturday,"Misty, Cloudy",0.18
165,08-01-2011,Spring,2011,January,3,TRUE,Saturday,"Light Rain,Thunderstorm",0.18
166,08-01-2011,Spring,2011,January,4,TRUE,Saturday,"Light Rain,Thunderstorm",0.18
167,08-01-2011,Spring,2011,January,5,TRUE,Saturday,"Misty, Cloudy",0.16
168,08-01-2011,Spring,2011,January,6,TRUE,Saturday,"Misty, Cloudy",0.16
169,08-01-2011,Spring,2011,January,7,TRUE,Saturday,"Misty, Cloudy",0.16
170,08-01-2011,Spring,2011,January,8,TRUE,Saturday,"Light Rain,Thunderstorm",0.16
171,08-01-2011,Spring,2011,January,9,TRUE,Saturday,"Light Rain,Thunderstorm",0.16
172,08-01-2011,Spring,2011,January,10,TRUE,Saturday,"Misty, Cloudy",0.18
173,08-01-2011,Spring,2011,January,11,TRUE,Saturday,"Misty, Cloudy",0.2
174,08-01-2011,Spring,2011,January,12,TRUE,Saturday,"Misty, Cloudy",0.2
175,08-01-2011,Spring,2011,January,13,TRUE,Saturday,"Clear, Partly cloudy",0.2
176,08-01-2011,Spring,2011,January,14,TRUE,Saturday,"Clear, Partly cloudy",0.2
177,08-01-2011,Spring,2011,January,15,TRUE,Saturday,"Clear, Partly cloudy",0.2
178,08-01-2011,Spring,2011,January,16,TRUE,Saturday,"Clear, Partly cloudy",0.18
179,08-01-2011,Spring,2011,January,17,TRUE,Saturday,"Clear, Partly cloudy",0.16
180,08-01-2011,Spring,2011,January,18,TRUE,Saturday,"Clear, Partly cloudy",0.14
181,08-01-2011,Spring,2011,January,19,TRUE,Saturday,"Clear, Partly cloudy",0.14
182,08-01-2011,Spring,2011,January,20,TRUE,Saturday,"Clear, Partly cloudy",0.12
183,08-01-2011,Spring,2011,January,21,TRUE,Saturday,"Clear, Partly cloudy",0.12
184,08-01-2011,Spring,2011,January,22,TRUE,Saturday,"Clear, Partly cloudy",0.12
185,08-01-2011,Spring,2011,January,23,TRUE,Saturday,"Clear, Partly cloudy",0.1
186,09-01-2011,Spring,2011,January,0,TRUE,Sunday,"Clear, Partly cloudy",0.1
187,09-01-2011,Spring,2011,January,1,TRUE,Sunday,"Clear, Partly cloudy",0.1
188,09-01-2011,Spring,2011,January,2,TRUE,Sunday,"Clear, Partly cloudy",0.1
189,09-01-2011,Spring,2011,January,3,TRUE,Sunday,"Clear, Partly cloudy",0.1
190,09-01-2011,Spring,2011,January,4,TRUE,Sunday,"Clear, Partly cloudy",0.08
191,09-01-2011,Spring,2011,January,5,TRUE,Sunday,"Clear, Partly cloudy",0.08
192,09-01-2011,Spring,2011,January,6,TRUE,Sunday,"Clear, Partly cloudy",0.1
193,09-01-2011,Spring,2011,January,7,TRUE,Sunday,"Clear, Partly cloudy",0.08
194,09-01-2011,Spring,2011,January,8,TRUE,Sunday,"Clear, Partly cloudy",0.1
195,09-01-2011,Spring,2011,January,9,TRUE,Sunday,"Clear, Partly cloudy",0.12
196,09-01-2011,Spring,2011,January,10,TRUE,Sunday,"Clear, Partly cloudy",0.14
197,09-01-2011,Spring,2011,January,11,TRUE,Sunday,"Clear, Partly cloudy",0.16
198,09-01-2011,Spring,2011,January,12,TRUE,Sunday,"Clear, Partly cloudy",0.18
199,09-01-2011,Spring,2011,January,13,TRUE,Sunday,"Clear, Partly cloudy",0.2
200,09-01-2011,Spring,2011,January,14,TRUE,Sunday,"Clear, Partly cloudy",0.22
201,09-01-2011,Spring,2011,January,15,TRUE,Sunday,"Clear, Partly cloudy",0.22
202,09-01-2011,Spring,2011,January,16,TRUE,Sunday,"Clear, Partly cloudy",0.2
203,09-01-2011,Spring,2011,January,17,TRUE,Sunday,"Clear, Partly cloudy",0.18
204,09-01-2011,Spring,2011,January,18,TRUE,Sunday,"Clear, Partly cloudy",0.16
205,09-01-2011,Spring,2011,January,19,TRUE,Sunday,"Clear, Partly cloudy",0.16
206,09-01-2011,Spring,2011,January,20,TRUE,Sunday,"Clear, Partly cloudy",0.14
207,09-01-2011,Spring,2011,January,21,TRUE,Sunday,"Clear, Partly cloudy",0.14
208,09-01-2011,Spring,2011,January,22,TRUE,Sunday,"Clear, Partly cloudy",0.14
209,09-01-2011,Spring,2011,January,23,TRUE,Sunday,"Clear, Partly cloudy",0.12
210,10-01-2011,Spring,2011,January,0,FALSE,Monday,"Clear, Partly cloudy",0.12
211,10-01-2011,Spring,2011,January,1,FALSE,Monday,"Clear, Partly cloudy",0.12
212,10-01-2011,Spring,2011,January,2,FALSE,Monday,"Clear, Partly cloudy",0.12
213,10-01-2011,Spring,2011,January,3,FALSE,Monday,"Clear, Partly cloudy",0.12
214,10-01-2011,Spring,2011,January,4,FALSE,Monday,"Clear, Partly cloudy",0.1
215,10-01-2011,Spring,2011,January,5,FALSE,Monday,"Clear, Partly cloudy",0.1
216,10-01-2011,Spring,2011,January,6,FALSE,Monday,"Clear, Partly cloudy",0.12
217,10-01-2011,Spring,2011,January,7,FALSE,Monday,"Clear, Partly cloudy",0.12
218,10-01-2011,Spring,2011,January,8,FALSE,Monday,"Misty, Cloudy",0.12
219,10-01-2011,Spring,2011,January,9,FALSE,Monday,"Misty, Cloudy",0.14
220,10-01-2011,Spring,2011,January,10,FALSE,Monday,"Misty, Cloudy",0.14
221,10-01-2011,Spring,2011,January,11,FALSE,Monday,"Misty, Cloudy",0.16
222,10-01-2011,Spring,2011,January,12,FALSE,Monday,"Misty, Cloudy",0.2
223,10-01-2011,Spring,2011,January,13,FALSE,Monday,"Misty, Cloudy",0.2
224,10-01-2011,Spring,2011,January,14,FALSE,Monday,"Misty, Cloudy",0.2
225,10-01-2011,Spring,2011,January,15,FALSE,Monday,"Misty, Cloudy",0.2
226,10-01-2011,Spring,2011,January,16,FALSE,Monday,"Clear, Partly cloudy",0.2
227,10-01-2011,Spring,2011,January,17,FALSE,Monday,"Clear, Partly cloudy",0.2
228,10-01-2011,Spring,2011,January,18,FALSE,Monday,"Clear, Partly cloudy",0.2
229,10-01-2011,Spring,2011,January,19,FALSE,Monday,"Clear, Partly cloudy",0.16
230,10-01-2011,Spring,2011,January,20,FALSE,Monday,"Clear, Partly cloudy",0.16
231,10-01-2011,Spring,2011,January,21,FALSE,Monday,"Clear, Partly cloudy",0.14
232,10-01-2011,Spring,2011,January,22,FALSE,Monday,"Clear, Partly cloudy",0.14
233,10-01-2011,Spring,2011,January,23,FALSE,Monday,"Clear, Partly cloudy",0.14
234,11-01-2011,Spring,2011,January,0,FALSE,Tuesday,"Clear, Partly cloudy",0.14
235,11-01-2011,Spring,2011,January,1,FALSE,Tuesday,"Clear, Partly cloudy",0.14
236,11-01-2011,Spring,2011,January,2,FALSE,Tuesday,"Misty, Cloudy",0.16
237,11-01-2011,Spring,2011,January,5,FALSE,Tuesday,"Misty, Cloudy",0.16
238,11-01-2011,Spring,2011,January,6,FALSE,Tuesday,"Misty, Cloudy",0.16
239,11-01-2011,Spring,2011,January,7,FALSE,Tuesday,"Misty, Cloudy",0.16
240,11-01-2011,Spring,2011,January,8,FALSE,Tuesday,"Misty, Cloudy",0.18
241,11-01-2011,Spring,2011,January,9,FALSE,Tuesday,"Misty, Cloudy",0.18
242,11-01-2011,Spring,2011,January,10,FALSE,Tuesday,"Misty, Cloudy",0.2
243,11-01-2011,Spring,2011,January,11,FALSE,Tuesday,"Misty, Cloudy",0.2
244,11-01-2011,Spring,2011,January,12,FALSE,Tuesday,"Misty, Cloudy",0.2
245,11-01-2011,Spring,2011,January,13,FALSE,Tuesday,"Misty, Cloudy",0.2
246,11-01-2011,Spring,2011,January,14,FALSE,Tuesday,"Misty, Cloudy",0.2
247,11-01-2011,Spring,2011,January,15,FALSE,Tuesday,"Misty, Cloudy",0.16
248,11-01-2011,Spring,2011,January,16,FALSE,Tuesday,"Misty, Cloudy",0.16
249,11-01-2011,Spring,2011,January,17,FALSE,Tuesday,"Misty, Cloudy",0.16
250,11-01-2011,Spring,2011,January,18,FALSE,Tuesday,"Light Rain,Thunderstorm",0.16
251,11-01-2011,Spring,2011,January,19,FALSE,Tuesday,"Light Rain,Thunderstorm",0.16
252,11-01-2011,Spring,2011,January,20,FALSE,Tuesday,"Light Rain,Thunderstorm",0.16
253,11-01-2011,Spring,2011,January,21,FALSE,Tuesday,"Light Rain,Thunderstorm",0.16
254,11-01-2011,Spring,2011,January,22,FALSE,Tuesday,"Light Rain,Thunderstorm",0.16
255,11-01-2011,Spring,2011,January,23,FALSE,Tuesday,"Light Rain,Thunderstorm",0.16
256,12-01-2011,Spring,2011,January,0,FALSE,Wednesday,"Misty, Cloudy",0.16
257,12-01-2011,Spring,2011,January,1,FALSE,Wednesday,"Misty, Cloudy",0.16
258,12-01-2011,Spring,2011,January,2,FALSE,Wednesday,"Clear, Partly cloudy",0.14
259,12-01-2011,Spring,2011,January,5,FALSE,Wednesday,"Clear, Partly cloudy",0.14
260,12-01-2011,Spring,2011,January,6,FALSE,Wednesday,"Clear, Partly cloudy",0.12
261,12-01-2011,Spring,2011,January,7,FALSE,Wednesday,"Clear, Partly cloudy",0.14
262,12-01-2011,Spring,2011,January,8,FALSE,Wednesday,"Clear, Partly cloudy",0.16
263,12-01-2011,Spring,2011,January,9,FALSE,Wednesday,"Clear, Partly cloudy",0.16
264,12-01-2011,Spring,2011,January,10,FALSE,Wednesday,"Clear, Partly cloudy",0.18
265,12-01-2011,Spring,2011,January,11,FALSE,Wednesday,"Clear, Partly cloudy",0.2
266,12-01-2011,Spring,2011,January,12,FALSE,Wednesday,"Clear, Partly cloudy",0.2
267,12-01-2011,Spring,2011,January,13,FALSE,Wednesday,"Clear, Partly cloudy",0.22
268,12-01-2011,Spring,2011,January,14,FALSE,Wednesday,"Clear, Partly cloudy",0.2
269,12-01-2011,Spring,2011,January,15,FALSE,Wednesday,"Clear, Partly cloudy",0.2
270,12-01-2011,Spring,2011,January,16,FALSE,Wednesday,"Clear, Partly cloudy",0.22
271,12-01-2011,Spring,2011,January,17,FALSE,Wednesday,"Clear, Partly cloudy",0.2
272,12-01-2011,Spring,2011,January,18,FALSE,Wednesday,"Clear, Partly cloudy",0.2
273,12-01-2011,Spring,2011,January,19,FALSE,Wednesday,"Clear, Partly cloudy",0.18
274,12-01-2011,Spring,2011,January,20,FALSE,Wednesday,"Clear, Partly cloudy",0.16
275,12-01-2011,Spring,2011,January,21,FALSE,Wednesday,"Clear, Partly cloudy",0.16
276,12-01-2011,Spring,2011,January,22,FALSE,Wednesday,"Clear, Partly cloudy",0.16
277,12-01-2011,Spring,2011,January,23,FALSE,Wednesday,"Clear, Partly cloudy",0.14
278,13-01-2011,Spring,2011,January,0,FALSE,Thursday,"Clear, Partly cloudy",0.14
279,13-01-2011,Spring,2011,January,1,FALSE,Thursday,"Clear, Partly cloudy",0.14
280,13-01-2011,Spring,2011,January,2,FALSE,Thursday,"Clear, Partly cloudy",0.14
281,13-01-2011,Spring,2011,January,3,FALSE,Thursday,"Clear, Partly cloudy",0.14
282,13-01-2011,Spring,2011,January,4,FALSE,Thursday,"Clear, Partly cloudy",0.14
283,13-01-2011,Spring,2011,January,5,FALSE,Thursday,"Clear, Partly cloudy",0.14
284,13-01-2011,Spring,2011,January,6,FALSE,Thursday,"Clear, Partly cloudy",0.12
285,13-01-2011,Spring,2011,January,7,FALSE,Thursday,"Clear, Partly cloudy",0.12
286,13-01-2011,Spring,2011,January,8,FALSE,Thursday,"Clear, Partly cloudy",0.14
287,13-01-2011,Spring,2011,January,9,FALSE,Thursday,"Clear, Partly cloudy",0.14
288,13-01-2011,Spring,2011,January,10,FALSE,Thursday,"Misty, Cloudy",0.16
289,13-01-2011,Spring,2011,January,11,FALSE,Thursday,"Misty, Cloudy",0.2
290,13-01-2011,Spring,2011,January,12,FALSE,Thursday,"Clear, Partly cloudy",0.2
291,13-01-2011,Spring,2011,January,13,FALSE,Thursday,"Clear, Partly cloudy",0.22
292,13-01-2011,Spring,2011,January,14,FALSE,Thursday,"Clear, Partly cloudy",0.22
293,13-01-2011,Spring,2011,January,15,FALSE,Thursday,"Clear, Partly cloudy",0.24
294,13-01-2011,Spring,2011,January,16,FALSE,Thursday,"Clear, Partly cloudy",0.24
295,13-01-2011,Spring,2011,January,17,FALSE,Thursday,"Clear, Partly cloudy",0.2
296,13-01-2011,Spring,2011,January,18,FALSE,Thursday,"Clear, Partly cloudy",0.2
297,13-01-2011,Spring,2011,January,19,FALSE,Thursday,"Clear, Partly cloudy",0.16
298,13-01-2011,Spring,2011,January,20,FALSE,Thursday,"Clear, Partly cloudy",0.16
299,13-01-2011,Spring,2011,January,21,FALSE,Thursday,"Clear, Partly cloudy",0.14
300,13-01-2011,Spring,2011,January,22,FALSE,Thursday,"Clear, Partly cloudy",0.14
301,13-01-2011,Spring,2011,January,23,FALSE,Thursday,"Clear, Partly cloudy",0.12
302,14-01-2011,Spring,2011,January,0,FALSE,Friday,"Clear, Partly cloudy",0.12
303,14-01-2011,Spring,2011,January,1,FALSE,Friday,"Clear, Partly cloudy",0.1
304,14-01-2011,Spring,2011,January,2,FALSE,Friday,"Clear, Partly cloudy",0.1
305,14-01-2011,Spring,2011,January,3,FALSE,Friday,"Clear, Partly cloudy",0.1
306,14-01-2011,Spring,2011,January,5,FALSE,Friday,"Clear, Partly cloudy",0.1
307,14-01-2011,Spring,2011,January,6,FALSE,Friday,"Clear, Partly cloudy",0.1
308,14-01-2011,Spring,2011,January,7,FALSE,Friday,"Clear, Partly cloudy",0.1
309,14-01-2011,Spring,2011,January,8,FALSE,Friday,"Clear, Partly cloudy",0.12
310,14-01-2011,Spring,2011,January,9,FALSE,Friday,"Clear, Partly cloudy",0.14
311,14-01-2011,Spring,2011,January,10,FALSE,Friday,"Clear, Partly cloudy",0.18
312,14-01-2011,Spring,2011,January,11,FALSE,Friday,"Clear, Partly cloudy",0.18
313,14-01-2011,Spring,2011,January,12,FALSE,Friday,"Clear, Partly cloudy",0.2
314,14-01-2011,Spring,2011,January,13,FALSE,Friday,"Clear, Partly cloudy",0.22
315,14-01-2011,Spring,2011,January,14,FALSE,Friday,"Clear, Partly cloudy",0.22
316,14-01-2011,Spring,2011,January,15,FALSE,Friday,"Clear, Partly cloudy",0.24
317,14-01-2011,Spring,2011,January,16,FALSE,Friday,"Clear, Partly cloudy",0.22
318,14-01-2011,Spring,2011,January,17,FALSE,Friday,"Clear, Partly cloudy",0.22
319,14-01-2011,Spring,2011,January,18,FALSE,Friday,"Clear, Partly cloudy",0.2
320,14-01-2011,Spring,2011,January,19,FALSE,Friday,"Clear, Partly cloudy",0.16
321,14-01-2011,Spring,2011,January,20,FALSE,Friday,"Clear, Partly cloudy",0.18
322,14-01-2011,Spring,2011,January,21,FALSE,Friday,"Clear, Partly cloudy",0.16
323,14-01-2011,Spring,2011,January,22,FALSE,Friday,"Misty, Cloudy",0.16
324,14-01-2011,Spring,2011,January,23,FALSE,Friday,"Misty, Cloudy",0.18
325,15-01-2011,Spring,2011,January,0,TRUE,Saturday,"Clear, Partly cloudy",0.18
326,15-01-2011,Spring,2011,January,1,TRUE,Saturday,"Misty, Cloudy",0.16
327,15-01-2011,Spring,2011,January,2,TRUE,Saturday,"Misty, Cloudy",0.16
328,15-01-2011,Spring,2011,January,3,TRUE,Saturday,"Misty, Cloudy",0.16
329,15-01-2011,Spring,2011,January,4,TRUE,Saturday,"Misty, Cloudy",0.16
330,15-01-2011,Spring,2011,January,5,TRUE,Saturday,"Clear, Partly cloudy",0.16
331,15-01-2011,Spring,2011,January,6,TRUE,Saturday,"Clear, Partly cloudy",0.14
332,15-01-2011,Spring,2011,January,7,TRUE,Saturday,"Clear, Partly cloudy",0.14
333,15-01-2011,Spring,2011,January,8,TRUE,Saturday,"Clear, Partly cloudy",0.14
334,15-01-2011,Spring,2011,January,9,TRUE,Saturday,"Clear, Partly cloudy",0.16
335,15-01-2011,Spring,2011,January,10,TRUE,Saturday,"Clear, Partly cloudy",0.18
336,15-01-2011,Spring,2011,January,11,TRUE,Saturday,"Clear, Partly cloudy",0.2
337,15-01-2011,Spring,2011,January,12,TRUE,Saturday,"Clear, Partly cloudy",0.24
338,15-01-2011,Spring,2011,January,13,TRUE,Saturday,"Clear, Partly cloudy",0.28
339,15-01-2011,Spring,2011,January,14,TRUE,Saturday,"Clear, Partly cloudy",0.3
340,15-01-2011,Spring,2011,January,15,TRUE,Saturday,"Misty, Cloudy",0.32
341,15-01-2011,Spring,2011,January,16,TRUE,Saturday,"Misty, Cloudy",0.34
342,15-01-2011,Spring,2011,January,17,TRUE,Saturday,"Misty, Cloudy",0.32
343,15-01-2011,Spring,2011,January,18,TRUE,Saturday,"Misty, Cloudy",0.3
344,15-01-2011,Spring,2011,January,19,TRUE,Saturday,"Misty, Cloudy",0.32
345,15-01-2011,Spring,2011,January,20,TRUE,Saturday,"Misty, Cloudy",0.32
346,15-01-2011,Spring,2011,January,21,TRUE,Saturday,"Misty, Cloudy",0.32
347,15-01-2011,Spring,2011,January,22,TRUE,Saturday,"Misty, Cloudy",0.3
348,15-01-2011,Spring,2011,January,23,TRUE,Saturday,"Clear, Partly cloudy",0.3
349,16-01-2011,Spring,2011,January,0,TRUE,Sunday,"Clear, Partly cloudy",0.26
350,16-01-2011,Spring,2011,January,1,TRUE,Sunday,"Clear, Partly cloudy",0.26
351,16-01-2011,Spring,2011,January,2,TRUE,Sunday,"Clear, Partly cloudy",0.26
352,16-01-2011,Spring,2011,January,3,TRUE,Sunday,"Clear, Partly cloudy",0.22
353,16-01-2011,Spring,2011,January,4,TRUE,Sunday,"Clear, Partly cloudy",0.26
354,16-01-2011,Spring,2011,January,5,TRUE,Sunday,"Misty, Cloudy",0.26
355,16-01-2011,Spring,2011,January,6,TRUE,Sunday,"Misty, Cloudy",0.26
356,16-01-2011,Spring,2011,January,7,TRUE,Sunday,"Misty, Cloudy",0.24
357,16-01-2011,Spring,2011,January,8,TRUE,Sunday,"Clear, Partly cloudy",0.22
358,16-01-2011,Spring,2011,January,9,TRUE,Sunday,"Clear, Partly cloudy",0.22
359,16-01-2011,Spring,2011,January,10,TRUE,Sunday,"Clear, Partly cloudy",0.22
360,16-01-2011,Spring,2011,January,11,TRUE,Sunday,"Clear, Partly cloudy",0.24
361,16-01-2011,Spring,2011,January,12,TRUE,Sunday,"Clear, Partly cloudy",0.24
362,16-01-2011,Spring,2011,January,13,TRUE,Sunday,"Clear, Partly cloudy",0.26
363,16-01-2011,Spring,2011,January,14,TRUE,Sunday,"Clear, Partly cloudy",0.28
364,16-01-2011,Spring,2011,January,15,TRUE,Sunday,"Clear, Partly cloudy",0.26
365,16-01-2011,Spring,2011,January,16,TRUE,Sunday,"Clear, Partly cloudy",0.24
366,16-01-2011,Spring,2011,January,17,TRUE,Sunday,"Clear, Partly cloudy",0.22
367,16-01-2011,Spring,2011,January,18,TRUE,Sunday,"Clear, Partly cloudy",0.2
368,16-01-2011,Spring,2011,January,19,TRUE,Sunday,"Clear, Partly cloudy",0.18
369,16-01-2011,Spring,2011,January,20,TRUE,Sunday,"Clear, Partly cloudy",0.18
370,16-01-2011,Spring,2011,January,21,TRUE,Sunday,"Clear, Partly cloudy",0.18
371,16-01-2011,Spring,2011,January,22,TRUE,Sunday,"Misty, Cloudy",0.2
372,16-01-2011,Spring,2011,January,23,TRUE,Sunday,"Misty, Cloudy",0.2
373,17-01-2011,Spring,2011,January,0,FALSE,Monday,"Misty, Cloudy",0.2
374,17-01-2011,Spring,2011,January,1,FALSE,Monday,"Misty, Cloudy",0.2
375,17-01-2011,Spring,2011,January,2,FALSE,Monday,"Misty, Cloudy",0.18
376,17-01-2011,Spring,2011,January,3,FALSE,Monday,"Misty, Cloudy",0.18
377,17-01-2011,Spring,2011,January,4,FALSE,Monday,"Misty, Cloudy",0.18
378,17-01-2011,Spring,2011,January,5,FALSE,Monday,"Misty, Cloudy",0.18
379,17-01-2011,Spring,2011,January,6,FALSE,Monday,"Misty, Cloudy",0.18
380,17-01-2011,Spring,2011,January,7,FALSE,Monday,"Misty, Cloudy",0.16
381,17-01-2011,Spring,2011,January,8,FALSE,Monday,"Misty, Cloudy",0.16
382,17-01-2011,Spring,2011,January,9,FALSE,Monday,"Misty, Cloudy",0.16
383,17-01-2011,Spring,2011,January,10,FALSE,Monday,"Misty, Cloudy",0.16
384,17-01-2011,Spring,2011,January,11,FALSE,Monday,"Misty, Cloudy",0.16
385,17-01-2011,Spring,2011,January,12,FALSE,Monday,"Misty, Cloudy",0.18
386,17-01-2011,Spring,2011,January,13,FALSE,Monday,"Misty, Cloudy",0.18
387,17-01-2011,Spring,2011,January,14,FALSE,Monday,"Misty, Cloudy",0.18
388,17-01-2011,Spring,2011,January,15,FALSE,Monday,"Misty, Cloudy",0.2
389,17-01-2011,Spring,2011,January,16,FALSE,Monday,"Misty, Cloudy",0.2
390,17-01-2011,Spring,2011,January,17,FALSE,Monday,"Clear, Partly cloudy",0.2
391,17-01-2011,Spring,2011,January,18,FALSE,Monday,"Misty, Cloudy",0.18
392,17-01-2011,Spring,2011,January,19,FALSE,Monday,"Light Rain,Thunderstorm",0.18
393,17-01-2011,Spring,2011,January,20,FALSE,Monday,"Light Rain,Thunderstorm",0.16
394,17-01-2011,Spring,2011,January,21,FALSE,Monday,"Light Rain,Thunderstorm",0.16
395,17-01-2011,Spring,2011,January,22,FALSE,Monday,"Light Rain,Thunderstorm",0.14
396,17-01-2011,Spring,2011,January,23,FALSE,Monday,"Light Rain,Thunderstorm",0.16
397,18-01-2011,Spring,2011,January,12,FALSE,Tuesday,"Misty, Cloudy",0.2
398,18-01-2011,Spring,2011,January,13,FALSE,Tuesday,"Misty, Cloudy",0.2
399,18-01-2011,Spring,2011,January,14,FALSE,Tuesday,"Misty, Cloudy",0.22
400,18-01-2011,Spring,2011,January,15,FALSE,Tuesday,"Misty, Cloudy",0.22
401,18-01-2011,Spring,2011,January,16,FALSE,Tuesday,"Misty, Cloudy",0.22
402,18-01-2011,Spring,2011,January,17,FALSE,Tuesday,"Misty, Cloudy",0.22
403,18-01-2011,Spring,2011,January,18,FALSE,Tuesday,"Misty, Cloudy",0.22
404,18-01-2011,Spring,2011,January,19,FALSE,Tuesday,"Misty, Cloudy",0.22
405,18-01-2011,Spring,2011,January,20,FALSE,Tuesday,"Misty, Cloudy",0.22
406,18-01-2011,Spring,2011,January,21,FALSE,Tuesday,"Misty, Cloudy",0.22
407,18-01-2011,Spring,2011,January,22,FALSE,Tuesday,"Misty, Cloudy",0.22
408,18-01-2011,Spring,2011,January,23,FALSE,Tuesday,"Misty, Cloudy",0.22
409,19-01-2011,Spring,2011,January,0,FALSE,Wednesday,"Misty, Cloudy",0.22
410,19-01-2011,Spring,2011,January,1,FALSE,Wednesday,"Light Rain,Thunderstorm",0.22
411,19-01-2011,Spring,2011,January,2,FALSE,Wednesday,"Light Rain,Thunderstorm",0.22
412,19-01-2011,Spring,2011,January,4,FALSE,Wednesday,"Light Rain,Thunderstorm",0.22
413,19-01-2011,Spring,2011,January,5,FALSE,Wednesday,"Misty, Cloudy",0.22
414,19-01-2011,Spring,2011,January,6,FALSE,Wednesday,"Misty, Cloudy",0.22
415,19-01-2011,Spring,2011,January,7,FALSE,Wednesday,"Misty, Cloudy",0.24
416,19-01-2011,Spring,2011,January,8,FALSE,Wednesday,"Misty, Cloudy",0.24
417,19-01-2011,Spring,2011,January,9,FALSE,Wednesday,"Misty, Cloudy",0.24
418,19-01-2011,Spring,2011,January,10,FALSE,Wednesday,"Misty, Cloudy",0.26
419,19-01-2011,Spring,2011,January,11,FALSE,Wednesday,"Misty, Cloudy",0.28
420,19-01-2011,Spring,2011,January,12,FALSE,Wednesday,"Misty, Cloudy",0.3
421,19-01-2011,Spring,2011,January,13,FALSE,Wednesday,"Clear, Partly cloudy",0.4
422,19-01-2011,Spring,2011,January,14,FALSE,Wednesday,"Clear, Partly cloudy",0.4
423,19-01-2011,Spring,2011,January,15,FALSE,Wednesday,"Clear, Partly cloudy",0.4
424,19-01-2011,Spring,2011,January,16,FALSE,Wednesday,"Clear, Partly cloudy",0.38
425,19-01-2011,Spring,2011,January,17,FALSE,Wednesday,"Clear, Partly cloudy",0.36
426,19-01-2011,Spring,2011,January,18,FALSE,Wednesday,"Clear, Partly cloudy",0.34
427,19-01-2011,Spring,2011,January,19,FALSE,Wednesday,"Clear, Partly cloudy",0.32
428,19-01-2011,Spring,2011,January,20,FALSE,Wednesday,"Clear, Partly cloudy",0.32
429,19-01-2011,Spring,2011,January,21,FALSE,Wednesday,"Clear, Partly cloudy",0.32
430,19-01-2011,Spring,2011,January,22,FALSE,Wednesday,"Clear, Partly cloudy",0.3
431,19-01-2011,Spring,2011,January,23,FALSE,Wednesday,"Clear, Partly cloudy",0.3
432,20-01-2011,Spring,2011,January,0,FALSE,Thursday,"Clear, Partly cloudy",0.26
433,20-01-2011,Spring,2011,January,1,FALSE,Thursday,"Clear, Partly cloudy",0.26
434,20-01-2011,Spring,2011,January,2,FALSE,Thursday,"Clear, Partly cloudy",0.26
435,20-01-2011,Spring,2011,January,3,FALSE,Thursday,"Clear, Partly cloudy",0.26
436,20-01-2011,Spring,2011,January,4,FALSE,Thursday,"Clear, Partly cloudy",0.26
437,20-01-2011,Spring,2011,January,5,FALSE,Thursday,"Clear, Partly cloudy",0.24
438,20-01-2011,Spring,2011,January,6,FALSE,Thursday,"Clear, Partly cloudy",0.22
439,20-01-2011,Spring,2011,January,7,FALSE,Thursday,"Clear, Partly cloudy",0.22
440,20-01-2011,Spring,2011,January,8,FALSE,Thursday,"Clear, Partly cloudy",0.22
441,20-01-2011,Spring,2011,January,9,FALSE,Thursday,"Misty, Cloudy",0.24
442,20-01-2011,Spring,2011,January,10,FALSE,Thursday,"Clear, Partly cloudy",0.26
443,20-01-2011,Spring,2011,January,11,FALSE,Thursday,"Misty, Cloudy",0.28
444,20-01-2011,Spring,2011,January,12,FALSE,Thursday,"Misty, Cloudy",0.3
445,20-01-2011,Spring,2011,January,13,FALSE,Thursday,"Misty, Cloudy",0.28
446,20-01-2011,Spring,2011,January,14,FALSE,Thursday,"Misty, Cloudy",0.3
447,20-01-2011,Spring,2011,January,15,FALSE,Thursday,"Misty, Cloudy",0.32
448,20-01-2011,Spring,2011,January,16,FALSE,Thursday,"Misty, Cloudy",0.3
449,20-01-2011,Spring,2011,January,17,FALSE,Thursday,"Misty, Cloudy",0.3
450,20-01-2011,Spring,2011,January,18,FALSE,Thursday,"Misty, Cloudy",0.26
451,20-01-2011,Spring,2011,January,19,FALSE,Thursday,"Clear, Partly cloudy",0.26
452,20-01-2011,Spring,2011,January,20,FALSE,Thursday,"Misty, Cloudy",0.26
453,20-01-2011,Spring,2011,January,21,FALSE,Thursday,"Misty, Cloudy",0.24
454,20-01-2011,Spring,2011,January,22,FALSE,Thursday,"Misty, Cloudy",0.24
455,20-01-2011,Spring,2011,January,23,FALSE,Thursday,"Misty, Cloudy",0.24
456,21-01-2011,Spring,2011,January,0,FALSE,Friday,"Misty, Cloudy",0.24
457,21-01-2011,Spring,2011,January,1,FALSE,Friday,"Misty, Cloudy",0.24
458,21-01-2011,Spring,2011,January,2,FALSE,Friday,"Light Rain,Thunderstorm",0.24
459,21-01-2011,Spring,2011,January,3,FALSE,Friday,"Light Rain,Thunderstorm",0.22
460,21-01-2011,Spring,2011,January,4,FALSE,Friday,"Misty, Cloudy",0.22
461,21-01-2011,Spring,2011,January,5,FALSE,Friday,"Clear, Partly cloudy",0.24
462,21-01-2011,Spring,2011,January,6,FALSE,Friday,"Clear, Partly cloudy",0.22
463,21-01-2011,Spring,2011,January,7,FALSE,Friday,"Clear, Partly cloudy",0.2
464,21-01-2011,Spring,2011,January,8,FALSE,Friday,"Clear, Partly cloudy",0.2
465,21-01-2011,Spring,2011,January,9,FALSE,Friday,"Clear, Partly cloudy",0.2
466,21-01-2011,Spring,2011,January,10,FALSE,Friday,"Clear, Partly cloudy",0.2
467,21-01-2011,Spring,2011,January,11,FALSE,Friday,"Clear, Partly cloudy",0.22
468,21-01-2011,Spring,2011,January,12,FALSE,Friday,"Clear, Partly cloudy",0.22
469,21-01-2011,Spring,2011,January,13,FALSE,Friday,"Clear, Partly cloudy",0.2
470,21-01-2011,Spring,2011,January,14,FALSE,Friday,"Clear, Partly cloudy",0.2
471,21-01-2011,Spring,2011,January,15,FALSE,Friday,"Clear, Partly cloudy",0.16
472,21-01-2011,Spring,2011,January,16,FALSE,Friday,"Clear, Partly cloudy",0.16
473,21-01-2011,Spring,2011,January,17,FALSE,Friday,"Clear, Partly cloudy",0.14
474,21-01-2011,Spring,2011,January,18,FALSE,Friday,"Clear, Partly cloudy",0.12
475,21-01-2011,Spring,2011,January,19,FALSE,Friday,"Clear, Partly cloudy",0.12
476,21-01-2011,Spring,2011,January,20,FALSE,Friday,"Clear, Partly cloudy",0.1
477,21-01-2011,Spring,2011,January,21,FALSE,Friday,"Clear, Partly cloudy",0.08
478,21-01-2011,Spring,2011,January,22,FALSE,Friday,"Clear, Partly cloudy",0.06
479,21-01-2011,Spring,2011,January,23,FALSE,Friday,"Clear, Partly cloudy",0.06
480,22-01-2011,Spring,2011,January,0,TRUE,Saturday,"Clear, Partly cloudy",0.04
481,22-01-2011,Spring,2011,January,1,TRUE,Saturday,"Misty, Cloudy",0.04
482,22-01-2011,Spring,2011,January,2,TRUE,Saturday,"Misty, Cloudy",0.04
483,22-01-2011,Spring,2011,January,3,TRUE,Saturday,"Misty, Cloudy",0.04
484,22-01-2011,Spring,2011,January,4,TRUE,Saturday,"Misty, Cloudy",0.02
485,22-01-2011,Spring,2011,January,6,TRUE,Saturday,"Misty, Cloudy",0.02
486,22-01-2011,Spring,2011,January,7,TRUE,Saturday,"Clear, Partly cloudy",0.02
487,22-01-2011,Spring,2011,January,8,TRUE,Saturday,"Clear, Partly cloudy",0.02
488,22-01-2011,Spring,2011,January,9,TRUE,Saturday,"Clear, Partly cloudy",0.04
489,22-01-2011,Spring,2011,January,10,TRUE,Saturday,"Misty, Cloudy",0.04
490,22-01-2011,Spring,2011,January,11,TRUE,Saturday,"Misty, Cloudy",0.06
491,22-01-2011,Spring,2011,January,12,TRUE,Saturday,"Misty, Cloudy",0.06
492,22-01-2011,Spring,2011,January,13,TRUE,Saturday,"Clear, Partly cloudy",0.08
493,22-01-2011,Spring,2011,January,14,TRUE,Saturday,"Clear, Partly cloudy",0.1
494,22-01-2011,Spring,2011,January,15,TRUE,Saturday,"Clear, Partly cloudy",0.12
495,22-01-2011,Spring,2011,January,16,TRUE,Saturday,"Clear, Partly cloudy",0.12
496,22-01-2011,Spring,2011,January,17,TRUE,Saturday,"Clear, Partly cloudy",0.12
497,22-01-2011,Spring,2011,January,18,TRUE,Saturday,"Clear, Partly cloudy",0.08
498,22-01-2011,Spring,2011,January,19,TRUE,Saturday,"Clear, Partly cloudy",0.08
499,22-01-2011,Spring,2011,January,20,TRUE,Saturday,"Clear, Partly cloudy",0.06
500,22-01-2011,Spring,2011,January,21,TRUE,Saturday,"Clear, Partly cloudy",0.06
501,22-01-2011,Spring,2011,January,22,TRUE,Saturday,"Clear, Partly cloudy",0.06
502,22-01-2011,Spring,2011,January,23,TRUE,Saturday,"Clear, Partly cloudy",0.04
503,23-01-2011,Spring,2011,January,0,TRUE,Sunday,"Clear, Partly cloudy",0.04
504,23-01-2011,Spring,2011,January,1,TRUE,Sunday,"Clear, Partly cloudy",0.04
505,23-01-2011,Spring,2011,January,2,TRUE,Sunday,"Clear, Partly cloudy",0.02
506,23-01-2011,Spring,2011,January,3,TRUE,Sunday,"Clear, Partly cloudy",0.02
507,23-01-2011,Spring,2011,January,5,TRUE,Sunday,"Misty, Cloudy",0.04
508,23-01-2011,Spring,2011,January,6,TRUE,Sunday,"Misty, Cloudy",0.04
509,23-01-2011,Spring,2011,January,7,TRUE,Sunday,"Clear, Partly cloudy",0.08
510,23-01-2011,Spring,2011,January,8,TRUE,Sunday,"Clear, Partly cloudy",0.06
511,23-01-2011,Spring,2011,January,9,TRUE,Sunday,"Clear, Partly cloudy",0.1
512,23-01-2011,Spring,2011,January,10,TRUE,Sunday,"Clear, Partly cloudy",0.14
513,23-01-2011,Spring,2011,January,11,TRUE,Sunday,"Clear, Partly cloudy",0.14
514,23-01-2011,Spring,2011,January,12,TRUE,Sunday,"Clear, Partly cloudy",0.16
515,23-01-2011,Spring,2011,January,13,TRUE,Sunday,"Clear, Partly cloudy",0.14
516,23-01-2011,Spring,2011,January,14,TRUE,Sunday,"Clear, Partly cloudy",0.16
517,23-01-2011,Spring,2011,January,15,TRUE,Sunday,"Clear, Partly cloudy",0.16
518,23-01-2011,Spring,2011,January,16,TRUE,Sunday,"Clear, Partly cloudy",0.16
519,23-01-2011,Spring,2011,January,17,TRUE,Sunday,"Clear, Partly cloudy",0.14
520,23-01-2011,Spring,2011,January,18,TRUE,Sunday,"Clear, Partly cloudy",0.12
521,23-01-2011,Spring,2011,January,19,TRUE,Sunday,"Clear, Partly cloudy",0.12
522,23-01-2011,Spring,2011,January,20,TRUE,Sunday,"Clear, Partly cloudy",0.1
523,23-01-2011,Spring,2011,January,21,TRUE,Sunday,"Clear, Partly cloudy",0.1
524,23-01-2011,Spring,2011,January,22,TRUE,Sunday,"Clear, Partly cloudy",0.08
525,23-01-2011,Spring,2011,January,23,TRUE,Sunday,"Clear, Partly cloudy",0.06
526,24-01-2011,Spring,2011,January,0,FALSE,Monday,"Clear, Partly cloudy",0.06
527,24-01-2011,Spring,2011,January,1,FALSE,Monday,"Clear, Partly cloudy",0.04
528,24-01-2011,Spring,2011,January,3,FALSE,Monday,"Clear, Partly cloudy",0.04
529,24-01-2011,Spring,2011,January,4,FALSE,Monday,"Clear, Partly cloudy",0.02
530,24-01-2011,Spring,2011,January,5,FALSE,Monday,"Clear, Partly cloudy",0.02
531,24-01-2011,Spring,2011,January,6,FALSE,Monday,"Clear, Partly cloudy",0.02
532,24-01-2011,Spring,2011,January,7,FALSE,Monday,"Clear, Partly cloudy",0.02
533,24-01-2011,Spring,2011,January,8,FALSE,Monday,"Clear, Partly cloudy",0.04
534,24-01-2011,Spring,2011,January,9,FALSE,Monday,"Clear, Partly cloudy",0.06
535,24-01-2011,Spring,2011,January,10,FALSE,Monday,"Clear, Partly cloudy",0.1
536,24-01-2011,Spring,2011,January,11,FALSE,Monday,"Clear, Partly cloudy",0.1
537,24-01-2011,Spring,2011,January,12,FALSE,Monday,"Misty, Cloudy",0.12
538,24-01-2011,Spring,2011,January,13,FALSE,Monday,"Misty, Cloudy",0.14
539,24-01-2011,Spring,2011,January,14,FALSE,Monday,"Misty, Cloudy",0.14
540,24-01-2011,Spring,2011,January,15,FALSE,Monday,"Clear, Partly cloudy",0.16
541,24-01-2011,Spring,2011,January,16,FALSE,Monday,"Clear, Partly cloudy",0.16
542,24-01-2011,Spring,2011,January,17,FALSE,Monday,"Clear, Partly cloudy",0.14
543,24-01-2011,Spring,2011,January,18,FALSE,Monday,"Clear, Partly cloudy",0.14
544,24-01-2011,Spring,2011,January,19,FALSE,Monday,"Clear, Partly cloudy",0.14
545,24-01-2011,Spring,2011,January,20,FALSE,Monday,"Clear, Partly cloudy",0.14
546,24-01-2011,Spring,2011,January,21,FALSE,Monday,"Clear, Partly cloudy",0.14
547,24-01-2011,Spring,2011,January,22,FALSE,Monday,"Misty, Cloudy",0.14
548,24-01-2011,Spring,2011,January,23,FALSE,Monday,"Misty, Cloudy",0.16
549,25-01-2011,Spring,2011,January,0,FALSE,Tuesday,"Misty, Cloudy",0.16
550,25-01-2011,Spring,2011,January,1,FALSE,Tuesday,"Misty, Cloudy",0.16
551,25-01-2011,Spring,2011,January,2,FALSE,Tuesday,"Clear, Partly cloudy",0.16
552,25-01-2011,Spring,2011,January,4,FALSE,Tuesday,"Clear, Partly cloudy",0.14
553,25-01-2011,Spring,2011,January,5,FALSE,Tuesday,"Clear, Partly cloudy",0.14
554,25-01-2011,Spring,2011,January,6,FALSE,Tuesday,"Clear, Partly cloudy",0.16
555,25-01-2011,Spring,2011,January,7,FALSE,Tuesday,"Clear, Partly cloudy",0.16
556,25-01-2011,Spring,2011,January,8,FALSE,Tuesday,"Misty, Cloudy",0.16
557,25-01-2011,Spring,2011,January,9,FALSE,Tuesday,"Misty, Cloudy",0.2
558,25-01-2011,Spring,2011,January,10,FALSE,Tuesday,"Misty, Cloudy",0.22
559,25-01-2011,Spring,2011,January,11,FALSE,Tuesday,"Misty, Cloudy",0.24
560,25-01-2011,Spring,2011,January,12,FALSE,Tuesday,"Misty, Cloudy",0.26
561,25-01-2011,Spring,2011,January,13,FALSE,Tuesday,"Misty, Cloudy",0.26
562,25-01-2011,Spring,2011,January,14,FALSE,Tuesday,"Misty, Cloudy",0.3
563,25-01-2011,Spring,2011,January,15,FALSE,Tuesday,"Misty, Cloudy",0.32
564,25-01-2011,Spring,2011,January,16,FALSE,Tuesday,"Misty, Cloudy",0.32
565,25-01-2011,Spring,2011,January,17,FALSE,Tuesday,"Clear, Partly cloudy",0.3
566,25-01-2011,Spring,2011,January,18,FALSE,Tuesday,"Misty, Cloudy",0.3
567,25-01-2011,Spring,2011,January,19,FALSE,Tuesday,"Misty, Cloudy",0.26
568,25-01-2011,Spring,2011,January,20,FALSE,Tuesday,"Clear, Partly cloudy",0.24
569,25-01-2011,Spring,2011,January,21,FALSE,Tuesday,"Clear, Partly cloudy",0.24
570,25-01-2011,Spring,2011,January,22,FALSE,Tuesday,"Clear, Partly cloudy",0.22
571,25-01-2011,Spring,2011,January,23,FALSE,Tuesday,"Misty, Cloudy",0.22
572,26-01-2011,Spring,2011,January,0,FALSE,Wednesday,"Misty, Cloudy",0.22
573,26-01-2011,Spring,2011,January,1,FALSE,Wednesday,"Misty, Cloudy",0.24
574,26-01-2011,Spring,2011,January,2,FALSE,Wednesday,"Light Rain,Thunderstorm",0.22
575,26-01-2011,Spring,2011,January,5,FALSE,Wednesday,"Light Rain,Thunderstorm",0.2
576,26-01-2011,Spring,2011,January,6,FALSE,Wednesday,"Light Rain,Thunderstorm",0.2
577,26-01-2011,Spring,2011,January,7,FALSE,Wednesday,"Light Rain,Thunderstorm",0.22
578,26-01-2011,Spring,2011,January,8,FALSE,Wednesday,"Light Rain,Thunderstorm",0.22
579,26-01-2011,Spring,2011,January,9,FALSE,Wednesday,"Light Rain,Thunderstorm",0.22
580,26-01-2011,Spring,2011,January,10,FALSE,Wednesday,"Light Rain,Thunderstorm",0.22
581,26-01-2011,Spring,2011,January,11,FALSE,Wednesday,"Light Rain,Thunderstorm",0.22
582,26-01-2011,Spring,2011,January,12,FALSE,Wednesday,"Light Rain,Thunderstorm",0.22
583,26-01-2011,Spring,2011,January,13,FALSE,Wednesday,"Light Rain,Thunderstorm",0.22
584,26-01-2011,Spring,2011,January,14,FALSE,Wednesday,"Light Rain,Thunderstorm",0.22
585,26-01-2011,Spring,2011,January,15,FALSE,Wednesday,"Light Rain,Thunderstorm",0.22
586,26-01-2011,Spring,2011,January,16,FALSE,Wednesday,"Heavy Rain, Ice Pallets",0.22
587,26-01-2011,Spring,2011,January,17,FALSE,Wednesday,"Light Rain,Thunderstorm",0.2
588,27-01-2011,Spring,2011,January,16,FALSE,Thursday,"Clear, Partly cloudy",0.22
589,27-01-2011,Spring,2011,January,17,FALSE,Thursday,"Clear, Partly cloudy",0.22
590,27-01-2011,Spring,2011,January,18,FALSE,Thursday,"Clear, Partly cloudy",0.2
591,27-01-2011,Spring,2011,January,19,FALSE,Thursday,"Clear, Partly cloudy",0.2
592,27-01-2011,Spring,2011,January,20,FALSE,Thursday,"Clear, Partly cloudy",0.18
593,27-01-2011,Spring,2011,January,21,FALSE,Thursday,"Clear, Partly cloudy",0.18
594,27-01-2011,Spring,2011,January,22,FALSE,Thursday,"Clear, Partly cloudy",0.18
595,27-01-2011,Spring,2011,January,23,FALSE,Thursday,"Clear, Partly cloudy",0.18
596,28-01-2011,Spring,2011,January,0,FALSE,Friday,"Misty, Cloudy",0.2
597,28-01-2011,Spring,2011,January,1,FALSE,Friday,"Misty, Cloudy",0.2
598,28-01-2011,Spring,2011,January,2,FALSE,Friday,"Misty, Cloudy",0.2
599,28-01-2011,Spring,2011,January,3,FALSE,Friday,"Misty, Cloudy",0.2
600,28-01-2011,Spring,2011,January,5,FALSE,Friday,"Misty, Cloudy",0.18
601,28-01-2011,Spring,2011,January,6,FALSE,Friday,"Misty, Cloudy",0.18
602,28-01-2011,Spring,2011,January,7,FALSE,Friday,"Misty, Cloudy",0.16
603,28-01-2011,Spring,2011,January,8,FALSE,Friday,"Misty, Cloudy",0.16
604,28-01-2011,Spring,2011,January,9,FALSE,Friday,"Light Rain,Thunderstorm",0.18
605,28-01-2011,Spring,2011,January,10,FALSE,Friday,"Light Rain,Thunderstorm",0.18
606,28-01-2011,Spring,2011,January,11,FALSE,Friday,"Light Rain,Thunderstorm",0.18
607,28-01-2011,Spring,2011,January,12,FALSE,Friday,"Light Rain,Thunderstorm",0.18
608,28-01-2011,Spring,2011,January,13,FALSE,Friday,"Light Rain,Thunderstorm",0.18
609,28-01-2011,Spring,2011,January,14,FALSE,Friday,"Light Rain,Thunderstorm",0.22
610,28-01-2011,Spring,2011,January,15,FALSE,Friday,"Misty, Cloudy",0.2
